train_loss,test_loss
0.23263279035471487,0.22219903022050858
0.16860293111075525,0.15545429289340973
0.14436144630114237,0.14880985766649246
0.14117515043935913,0.14721667021512985
0.14005515357290488,0.1465790867805481
