train_loss,test_loss
0.03260730977419175,0.03146017836779356
0.027115427343704198,0.02602720600515604
0.02509118281147982,0.024851604521274568
0.023946781010219926,0.023615898779034614
0.023153524090781023,0.02319661682099104
0.022540000058357653,0.02296441090106964
0.022057287916815594,0.022540058101713657
