train_loss,test_loss
0.11842869404289458,0.12144149839878082
0.09691104488240349,0.09374233335256577
