train_loss,test_loss
0.11700754964037946,0.1342623773217201
0.09529113891093355,0.09420492090284824
