train_loss,test_loss
0.15490779008856104,0.11533048562705517
0.10382184967456475,0.10035209357738495
0.09911729309606676,0.09863574989140034
0.09723991138275043,0.09668728150427341
0.09507467581016228,0.09456323832273483
