train_loss,test_loss
0.11700754965606489,0.13426241844892503
0.09529031732364705,0.09421363838016987
