train_loss,test_loss
0.24245915205582327,0.23130813241004944
0.22702902037164438,0.20138239860534668
0.1836526510508164,0.15108996629714966
0.15484080236891043,0.13874676823616028
0.1440711850705354,0.13547740876674652
