train_loss,test_loss
0.03262510002114271,0.03289141679555178
0.02717055744975805,0.02593149542361498
0.02513983173817396,0.024557503686845304
