train_loss,test_loss
0.031786478803426894,0.03144416958093643
0.026366588262481255,0.025402851402759552
0.024354025976055557,0.02422867715358734
0.02319905128460508,0.023301266133785248
0.02239918737451325,0.022915096953511238
0.021786012573016655,0.02230316773056984
0.021294788521704255,0.02192084863781929
0.02088629959100807,0.02166716568171978
0.020537627589319263,0.021399956196546555
0.020247062421828003,0.02123897895216942
