train_loss,test_loss
0.32980576982266374,0.2621103532761335
0.23688885054323408,0.22339728491008282
0.22047359896865157,0.21659136661887168
0.21515232273605134,0.21435306760668754
0.21086062111788326,0.21127900134027006
0.20730411417120032,0.21039364013075829
0.20393871875438424,0.2083345621675253
0.20110572372542487,0.20837613715231418
0.19902377942535612,0.20859624238312244
0.19705334088537427,0.208831278398633
