train_loss,test_loss
8.373808781947379e-06,1.0458774600596853e-06
8.722887210432795e-07,1.0517679850829964e-06
8.797301634944077e-07,1.0533166729720377e-06
8.815239105341988e-07,1.0531358629828348e-06
