train_loss,test_loss
3.2415597402921316e-06,8.045664091727023e-07
