train_loss,test_loss
0.15490779008856104,0.11533048562705517
0.10382184967456475,0.10035209357738495
