train_loss,test_loss
0.11841837036940786,0.12086579948663712
0.09665956878827678,0.09338459372520447
