{"train": {"loss": 0.09529113891093355}, "test": {"loss": 0.09420492090284824}}