{"train": {"loss": 0.01203046165877267}, "test": {"loss": 0.013078237988054752}}