{"train": {"loss": 0.09529031732364705}, "test": {"loss": 0.09421363838016987}}