{"train": {"loss": 0.021070739379838895}, "test": {"loss": 0.02792803929746151}}