{"train": {"loss": 0.02829607062433895}, "test": {"loss": 0.03023383691906929}}