{"train": {"loss": 0.015267969330674723}, "test": {"loss": 0.028134032115340234}}