{"train": {"loss": 0.05410870288809141}, "test": {"loss": 0.0544055338203907}}