{"train": {"loss": 0.01741803704515884}, "test": {"loss": 0.02591956712305546}}