{"train": {"loss": 0.018248360545227403}, "test": {"loss": 0.027598538249731065}}