{"train": {"loss": 0.024896796431980634}, "test": {"loss": 0.02539069265127182}}