{"train": {"loss": 0.03105761560170274}, "test": {"loss": 0.031145490631461145}}