{"train": {"loss": 0.22516808129019208}, "test": {"loss": 0.24600012302398683}}