{"train": {"loss": 0.18746254437665144}, "test": {"loss": 0.21220860263705255}}