{"train": {"loss": 0.04148914228503903}, "test": {"loss": 0.09328387677669525}}