{"train": {"loss": 0.2033262642837233}, "test": {"loss": 0.21602773994207383}}