{"train": {"loss": 0.14005515357290488}, "test": {"loss": 0.1465790867805481}}