{"train": {"loss": 0.2251393147640758}, "test": {"loss": 0.24015903174877168}}