{"train": {"loss": 0.020247062421828003}, "test": {"loss": 0.02123897895216942}}