{"train": {"loss": 0.04585258979764249}, "test": {"loss": 0.05165641710162163}}