{"train": {"loss": 0.09691104488240349}, "test": {"loss": 0.09374233335256577}}