{"train": {"loss": 0.02085217130419455}, "test": {"loss": 0.02804754413664341}}