{"train": {"loss": 0.02550772897899151}, "test": {"loss": 0.03426417782902717}}