{"train": {"loss": 0.02376222584004465}, "test": {"loss": 0.028125021755695343}}