{"train": {"loss": 0.021878875125395623}, "test": {"loss": 0.028409509733319283}}