{"train": {"loss": 0.021415554928152183}, "test": {"loss": 0.028173957392573355}}