{"train": {"loss": 0.022006394325902588}, "test": {"loss": 0.025743850395083426}}