{"train": {"loss": 0.019060728548388733}, "test": {"loss": 0.02023700726032257}}