{"train": {"loss": 0.022759637533049833}, "test": {"loss": 0.023946722134947775}}