{"train": {"loss": 0.04779790316190984}, "test": {"loss": 0.04988726317882538}}