{"train": {"loss": 0.024798508066880075}, "test": {"loss": 0.028516253083944322}}