{"train": {"loss": 0.022392296936137205}, "test": {"loss": 0.02522420696914196}}