{"train": {"loss": 0.19705334088537427}, "test": {"loss": 0.208831278398633}}