{"train": {"loss": 0.02386464719709597}, "test": {"loss": 0.029871660098433495}}