{"train": {"loss": 0.021922957556028116}, "test": {"loss": 0.02662239074707031}}