{"train": {"loss": 0.017179661524531088}, "test": {"loss": 0.025811320319771767}}