{"train": {"loss": 0.2074921727180481, "accuracy": 0.09095335751771927}, "test": {"loss": 0.21307674050331116, "accuracy": 0.07554218918085098}}