{"train": {"loss": 0.03879509053418511}, "test": {"loss": 0.040816058039665225}}