{"train": {"loss": 0.04492740069826444}, "test": {"loss": 0.07053206115961075}}