{"train": {"loss": 0.02268529521564793}, "test": {"loss": 0.025393318384885788}}