{"train": {"loss": 0.11573755989472072}, "test": {"loss": 0.11327775567770004}}