{"train": {"loss": 0.11545572761032316}, "test": {"loss": 0.1129455417394638}}