{"train": {"loss": 8.815239105341988e-07}, "test": {"loss": 1.0458774600596853e-06}}