{"train": {"loss": 0.012110280576897295}, "test": {"loss": 0.021524281427264213}}