{"train": {"loss": 0.019064464400473394}, "test": {"loss": 0.024934992119669916}}