{"train": {"loss": 0.011714036600370157}, "test": {"loss": 0.012466007351875304}}