{"train": {"loss": 0.01817558249791986}, "test": {"loss": 0.019474441930651665}}