{"train": {"loss": 0.02034966447635701}, "test": {"loss": 0.02768221087753773}}