{"train": {"loss": 0.02586603288979907}, "test": {"loss": 0.02905878659337759}}