{"train": {"loss": 0.09507467581016228}, "test": {"loss": 0.09456323832273483}}