{"train": {"loss": 0.015198153278937466}, "test": {"loss": 0.02267188183963299}}