{"train": {"loss": 0.0251904816556918}, "test": {"loss": 0.028360314026474952}}