{"train": {"loss": 0.02513983173817396}, "test": {"loss": 0.024557503686845304}}