{"train": {"loss": 0.01859754487479988}, "test": {"loss": 0.027632636576890947}}