{"train": {"loss": 0.01326148496764271}, "test": {"loss": 0.014124591171741486}}