{"train": {"loss": 0.01741063317185954}, "test": {"loss": 0.02800287839025259}}