{"train": {"loss": 0.18095941801865895}, "test": {"loss": 0.2170955780148506}}