{"train": {"loss": 0.020892784009638586}, "test": {"loss": 0.02444178447127342}}