{"train": {"loss": 0.1440711850705354}, "test": {"loss": 0.13547740876674652}}