{"train": {"loss": 0.17981089896294805}, "test": {"loss": 0.2037775361984968}}