{"train": {"loss": 0.025872794205420897}, "test": {"loss": 0.02611970864236355}}