{"train": {"loss": 0.2886306875281864}, "test": {"loss": 0.2890822231769562}}