{"train": {"loss": 0.023342563486412952}, "test": {"loss": 0.02787448689341545}}