{"train": {"loss": 0.03252092246162264}, "test": {"loss": 0.04727942153811455}}