{"train": {"loss": 0.11573754333787495}, "test": {"loss": 0.11327774077653885}}