{"train": {"loss": 0.09665956878827678}, "test": {"loss": 0.09338459372520447}}