{"train": {"loss": 0.01960224208471022}, "test": {"loss": 0.028295357450842856}}