{"train": {"loss": 0.020763568168407992}, "test": {"loss": 0.02527661807835102}}