{"train": {"loss": 0.19900350272655487, "accuracy": 0.10278762131929398}, "test": {"loss": 0.20707671344280243, "accuracy": 0.08489374816417694}}