{"train": {"loss": 0.013936802637028067}, "test": {"loss": 0.022233278751373292}}