{"train": {"loss": 0.4981089896294805}, "test": {"loss": 0.4037775361984968}}
