{"train": {"loss": 0.03136743651016762}, "test": {"loss": 0.03174451120197773}}