{"train": {"loss": 0.11545558687713411}, "test": {"loss": 0.11294535547494888}}