{"train": {"loss": 0.020870095985500436}, "test": {"loss": 0.02538048267364502}}