{"train": {"loss": 0.017136832228616665}, "test": {"loss": 0.028227077424526216}}