{"train": {"loss": 0.1422, "accuracy": 0.1132}, "test": {"loss": 0.14890697598457336, "accuracy": 0.09248437732458115}}