{"train": {"loss": 0.024821987910327886}, "test": {"loss": 0.030305221676826477}}