{"train": {"loss": 0.18840617873602444}, "test": {"loss": 0.2125582264214754}}