{"train": {"loss": 0.10382184967456475}, "test": {"loss": 0.10035209357738495}}