{"train": {"loss": 0.004048954776381897}, "test": {"loss": 0.007199946485061843}}