{"train": {"loss": 0.004154583305510617}, "test": {"loss": 0.0037065908888026197}}