{"train": {"loss": 0.005139192565979945}, "test": {"loss": 0.005456767645777442}}