{"train": {"loss": 0.004674078688639901}, "test": {"loss": 0.004616244113985128}}