{"train": {"loss": 0.0044143570976875515}, "test": {"loss": 0.004928246511264926}}