{"train": {"loss": 0.005223720655117098}, "test": {"loss": 0.0063055942489026}}