{"train": {"loss": 0.0012101573089159494}, "test": {"loss": 0.003964881336598658}}