{"train": {"loss": 0.004154803399462594}, "test": {"loss": 0.008975172719601687}}