{"train": {"loss": 0.0017615313310572576}, "test": {"loss": 0.0031635251909713537}}