{"train": {"loss": 0.0098142328219931}, "test": {"loss": 0.008747526348846199}}