{"train": {"loss": 0.0031950757673219416}, "test": {"loss": 0.005436199649390498}}