{"train": {"loss": 0.0031521183440937554}, "test": {"loss": 0.007601132474761034}}