{"train": {"loss": 0.0027543009346118197}, "test": {"loss": 0.003145553222994375}}