{"train": {"loss": 0.003639330926541624}, "test": {"loss": 0.00793670150045996}}