{"train": {"loss": 0.004171993370662252}, "test": {"loss": 0.0047827669342126455}}