{"train": {"loss": 0.0062353416362299074}, "test": {"loss": 0.008663530527409572}}