{"train": {"loss": 0.0025016846939032466}, "test": {"loss": 0.006611180165303192}}