{"train": {"loss": 0.004182521078630993}, "test": {"loss": 0.007581627900484919}}