{"train": {"loss": 0.0040766246921575}, "test": {"loss": 0.008211816286297286}}