{"train": {"loss": 0.0032276477719779474}, "test": {"loss": 0.004632913218600265}}