{"train": {"loss": 0.004321600931576803}, "test": {"loss": 0.008744593622229612}}