{"train": {"loss": 0.0025212075589798907}, "test": {"loss": 0.003240139289118815}}