{"train": {"loss": 0.00584950083471168}, "test": {"loss": 0.006309831499417366}}