{"train": {"loss": 0.0022601556450575337}, "test": {"loss": 0.0030047306225991204}}