{"train": {"loss": 0.0016531964303450532}, "test": {"loss": 0.001809694989146117}}