{"train": {"loss": 0.0012550567697798142}, "test": {"loss": 0.0027517181511297274}}