{"train": {"loss": 0.0009704757195052561}, "test": {"loss": 0.000572078566028722}}