{"train": {"loss": 0.005785231639968178}, "test": {"loss": 0.008021264872529818}}