{"train": {"loss": 0.0027786536351539263}, "test": {"loss": 0.006891454391194429}}