{"train": {"loss": 0.0033944879918509623}, "test": {"loss": 0.0077006696742142325}}