{"train": {"loss": 0.0030947278847435265}, "test": {"loss": 0.005080324246203342}}