{"train": {"loss": 0.003214294197449989}, "test": {"loss": 0.0033496811777106762}}