{"train": {"loss": 0.0021088187473740977}, "test": {"loss": 0.0018930767214585616}}