{"train": {"loss": 0.003668550804308121}, "test": {"loss": 0.006720889344592251}}