{"train": {"loss": 0.005616075185535168}, "test": {"loss": 0.009747472412101388}}