{"train": {"loss": 0.001376212462452492}, "test": {"loss": 0.003015426725409377}}