{"train": {"loss": 0.003884210452934885}, "test": {"loss": 0.008008434441774896}}