{"train": {"loss": 0.004223826276635658}, "test": {"loss": 0.00792045495072219}}