{"train": {"loss": 0.002674455721717095}, "test": {"loss": 0.0011975716333836317}}