{"train": {"loss": 0.0040463173411537995}, "test": {"loss": 0.003652343966464019}}