{"train": {"loss": 0.0018078343209844267}, "test": {"loss": 0.0029704503884341684}}