{"train": {"loss": 0.01660181486237803}, "test": {"loss": 0.015289552097006739}}