{"train": {"loss": 0.003918846989921425}, "test": {"loss": 0.007592627227339126}}