{"train": {"loss": 0.0010474796863736875}, "test": {"loss": 0.0026538432969519976}}