{"train": {"loss": 0.005023160117786376}, "test": {"loss": 0.005118662150233415}}