{"train": {"loss": 0.0013950776770503286}, "test": {"loss": 0.0026731015686356626}}