{"train": {"loss": 0.005441263828127619}, "test": {"loss": 0.00806106885348426}}