{"train": {"loss": 0.0032940881442664162}, "test": {"loss": 0.007085614623955887}}