{"train": {"loss": 0.003211868438962739}, "test": {"loss": 0.005361120259761283}}