{"train": {"loss": 0.004497493267372842}, "test": {"loss": 0.007790055156595329}}