{"train": {"loss": 0.0058517440975951384}, "test": {"loss": 0.006039078540453602}}