{"train": {"loss": 0.0036256232172466275}, "test": {"loss": 0.003535294436647639}}