{"train": {"loss": 0.0033694819588531728}, "test": {"loss": 0.007112486282712401}}