{"train": {"loss": 0.004357963918401005}, "test": {"loss": 0.004852087171315134}}