{"train": {"loss": 0.00506547975227599}, "test": {"loss": 0.005637743900884118}}