{"train": {"loss": 0.0009671436793533213}, "test": {"loss": 0.0005564183181983632}}