{"train": {"loss": 0.0056089965550862346}, "test": {"loss": 0.005842109730437528}}