{"train": {"loss": 0.004302157466900778}, "test": {"loss": 0.007219719884716369}}