{"train": {"loss": 0.005455504155496691}, "test": {"loss": 0.005521751740298934}}