{"train": {"loss": 0.0014964064411222982}, "test": {"loss": 0.002424172304438057}}