{"train": {"loss": 0.005649838278519255}, "test": {"loss": 0.005563359630386344}}