{"train": {"loss": 0.0015956532135253845}, "test": {"loss": 0.006417083771187511}}